<?xml version="1.0" encoding="UTF-8"?>
<metadata xml:lang="en"><Esri><CreaDate>20220809</CreaDate><CreaTime>16220200</CreaTime><ArcGISFormat>1.0</ArcGISFormat><SyncOnce>TRUE</SyncOnce><DataProperties><lineage><Process ToolSource="c:\program files (x86)\arcgis\desktop10.8\ArcToolbox\Toolboxes\Data Management Tools.tbx\CreateFishnet" Date="20220809" Time="135049">CreateFishnet "G:\My Drive\GerberLab Projects\Deer Reports\Data\Covariates\fishnet_1mile.shp" "257360.30101067 4557133.10191907" "257360.30101067 4557143.10191907" 1609.34 1609.34 # # "324684.878471541 4655862.30956615" NO_LABELS state97b POLYGON</Process><Process ToolSource="c:\program files (x86)\arcgis\desktop10.8\ArcToolbox\Toolboxes\Data Management Tools.tbx\CalculateField" Date="20220809" Time="135534">CalculateField fishnet_1mile Id [FID] VB #</Process><Process ToolSource="c:\program files (x86)\arcgis\desktop10.8\ArcToolbox\Toolboxes\Data Management Tools.tbx\JoinField" Date="20220809" Time="160632">JoinField fishnet_1mile Id Natural_land_intersect FID_fishne Natur_area</Process><Process ToolSource="c:\program files (x86)\arcgis\desktop10.8\ArcToolbox\Toolboxes\Data Management Tools.tbx\JoinField" Date="20220809" Time="161539">JoinField fishnet_1mile Id Conservation_intersect FID_fishne Consv_area</Process></lineage><itemProps><itemLocation><linkage Sync="TRUE">file://\\DESKTOP-LRO86KI\G\My Drive\GerberLab Projects\Deer Reports\Data\Covariates\SquareMileGrids\fishnet_1mile</linkage><protocol Sync="TRUE">Local Area Network</protocol></itemLocation></itemProps><copyHistory><copy source="G:\My Drive\GerberLab Projects\Deer Reports\Data\Covariates\fishnet_1mile" dest="\\DESKTOP-LRO86KI\G\My Drive\GerberLab Projects\Deer Reports\Data\Covariates\SquareMileGrids\fishnet_1mile" date="20220809" time="16220200"></copy></copyHistory></DataProperties></Esri></metadata>
