<?xml version="1.0" encoding="UTF-8"?><metadata>
    <idinfo>
        <citation>
            <citeinfo>
                <origin/>
                <pubdate>20160516</pubdate>
                <title>BND_State_1997</title>
                <geoform>vector digital data</geoform>
                <pubinfo>
                    <pubplace/>
                    <publish>University of Rhode Island Environmental Data Center</publish>
                </pubinfo>
                <othercit>Suggested bibliographic reference: RIGIS, 2016. State Boundary (1997); state97b. Rhode Island Geographic Information System (RIGIS) Data Distribution System, URL: http://www.rigis.org, Environmental Data Center, University of Rhode Island, Kingston, Rhode Island (last date accessed: 16 May 2016).</othercit>
                <onlink>http://www.rigis.org</onlink>
                <onlink>http://data.rigis.org/bnd/state97b.zip</onlink>
                <lworkcit>
                    <citeinfo>
                        <pubdate>19930101</pubdate>
                        <title>Rhode Island Geographic Information System (RIGIS) Data Distribution System</title>
                    </citeinfo>
                </lworkcit>
            </citeinfo>
        </citation>
        <descript>
            <abstract>

Representative political boundary lines for the State of
Rhode Island. Includes physical shoreline features for bay and coastal waters.
General mapping, graphic display and GIS analysis of the State of Rhode Island
political boundary.



These data were originally published to RIGIS in 1997, and
are considered the &amp;quot;preferred&amp;quot; state boundary dataset.

</abstract>
            <purpose>Representative political boundary lines for the State of Rhode Island.</purpose>
        </descript>
        <timeperd>
            <timeinfo>
                <sngdate>
                    <caldate>20010101</caldate>
                </sngdate>
            </timeinfo>
            <current>publication date</current>
        </timeperd>
        <status>
            <progress>Complete</progress>
            <update>None planned</update>
        </status>
        <spdom>
            <bounding>
                <westbc>-71.896602</westbc>
                <eastbc>-71.117438</eastbc>
                <northbc>42.018935</northbc>
                <southbc>41.145927</southbc>
            </bounding>
        </spdom>
        <keywords>
            <theme>
                <themekt>ISO 19115 Topic Category</themekt>
                <themekey>boundaries</themekey>
            </theme>
            <theme>
                <themekt>None</themekt>
                <themekey>Coastline</themekey>
                <themekey>Boundaries</themekey>
            </theme>
            <place>
                <placekt>None</placekt>
                <placekey>Rhode Island</placekey>
                <placekey>New England</placekey>
                <placekey>United States</placekey>
                <placekey>northeast</placekey>
            </place>
        </keywords>
        <accconst>None</accconst>
        <useconst>

These data are shared under the RIGIS license agreement,
which can be viewed below: 

This dataset is provided 'as is.’ The producer(s) of this
dataset, contributors to this dataset, the Rhode Island Geographic Information
System (RIGIS) consortium, the State of Rhode Island, and the University of
Rhode Island do not make any warranties of any kind for this dataset, and are
not liable for any loss or damage however and whenever caused by any use of
this dataset.

 

Please acknowledge both RIGIS and the primary producer(s) of
this dataset in any derived products. 
Versions of the RIGIS logo suitable for both printed and web-based
products are available at http://www.rigis.org/logos.

</useconst>
        <ptcontac>
            <cntinfo>
                <cntorgp>
                    <cntorg>University of Rhode Island Environmental Data Center</cntorg>
                    <cntper>Erica Tefft</cntper>
                </cntorgp>
                <cntpos>Research Associate</cntpos>
                <cntaddr>
                    <addrtype>mailing and physical</addrtype>
                    <address>Coastal Institute</address>
                    <address>1 Greenhouse Road</address>
                    <city>Kingston</city>
                    <state>RI</state>
                    <postal>02881</postal>
                </cntaddr>
                <cntvoice>401-874-5054</cntvoice>
                <cntemail>erica@edc.uri.edu</cntemail>
            </cntinfo>
        </ptcontac>
        <datacred>URI EDC, RIGIS. Icon credit: Maria Darron via The Noun Project</datacred>
        <native>Microsoft Windows 7 Version 6.1 (Build 7601) Service Pack 1; Esri ArcGIS 10.4.1.5686</native>
    </idinfo>
    <dataqual>
        <attracc>
            <attraccr>None</attraccr>
        </attracc>
        <logic>None</logic>
        <complete>Represents all five of Rhode Island's counties.</complete>
        <posacc>
            <horizpa>
                <horizpar>None</horizpar>
            </horizpa>
        </posacc>
        <lineage>
            <srcinfo>
                <srccite>
                    <citeinfo>
                        <pubdate>20010801</pubdate>
                        <title>Municipal Boundaries (1997); muni97</title>
                    </citeinfo>
                </srccite>
                <srcscale>5000</srcscale>
                <typesrc>None</typesrc>
                <srctime>
                    <timeinfo>
                        <sngdate>
                            <caldate>20010101</caldate>
                        </sngdate>
                    </timeinfo>
                    <srccurr>publication date</srccurr>
                </srctime>
                <srccitea>Municipal Boundaries (1997); muni97</srccitea>
                <srccontr>spatial features and attribute data</srccontr>
            </srcinfo>
            <procstep>
                <procdesc>Updated Point of Contact information for this dataset from "Stephen Kut" to "Erica Tefft."</procdesc>
                <procdate>20150601</procdate>
                <proccont>
                    <cntinfo>
                        <cntorgp>
                            <cntorg>University of Rhode Island Environmental Data Center</cntorg>
                            <cntper>Erica Tefft</cntper>
                        </cntorgp>
                        <cntpos>Research Associate</cntpos>
                        <cntaddr>
                            <addrtype>mailing and physical</addrtype>
                            <address>1 Greenhouse Road</address>
                            <address>Coastal Institute</address>
                            <city>Kingston</city>
                            <state>RI</state>
                            <postal>02881</postal>
                        </cntaddr>
                        <cntvoice>401-874-5054</cntvoice>
                        <cntemail>erica@edc.uri.edu</cntemail>
                    </cntinfo>
                </proccont>
            </procstep>
            <procstep>
                <procdesc>Dissolved the Municipal Boundaries (1997) dataset available from RIGIS based upon its LAND attribute field.</procdesc>
                <procdate>20150716</procdate>
                <proccont>
                    <cntinfo>
                        <cntorgp>
                            <cntorg>Environmental Data Center, University of Rhode Island</cntorg>
                            <cntper>Greg Bonynge</cntper>
                        </cntorgp>
                        <cntpos>Geospatial Extension Specialist</cntpos>
                        <cntaddr>
                            <addrtype>mailing and physical</addrtype>
                            <address>1 Greenhouse Road</address>
                            <city>Kingston</city>
                            <state>Rhode Island</state>
                            <postal>02881</postal>
                            <country>US</country>
                        </cntaddr>
                        <cntvoice>401-874-2180</cntvoice>
                        <cntemail>greg@edc.uri.edu</cntemail>
                        <cntinst>email preferred</cntinst>
                    </cntinfo>
                </proccont>
            </procstep>
            <procstep>
                <procdesc>There were 6 polygons with no associated attribute features, these were updated based on recent updates made to the muni97 dataset.</procdesc>
                <procdate>20160516</procdate>
                <proccont>
                    <cntinfo>
                        <cntorgp>
                            <cntorg>University of Rhode Island Environmental Data Center</cntorg>
                            <cntper>Erica Tefft</cntper>
                        </cntorgp>
                        <cntpos>Research Associate</cntpos>
                        <cntaddr>
                            <addrtype>mailing and physical</addrtype>
                            <address>1 Greenhouse Road</address>
                            <address>Coastal Institute</address>
                            <city>Kingston</city>
                            <state>RI</state>
                            <postal>02881</postal>
                        </cntaddr>
                        <cntvoice>401-874-5054</cntvoice>
                        <cntemail>erica@edc.uri.edu</cntemail>
                    </cntinfo>
                </proccont>
            </procstep>
        </lineage>
    </dataqual>
    <spdoinfo>
        <direct>Vector</direct>
        <ptvctinf>
            <sdtsterm>
                <sdtstype>GT-polygon composed of chains</sdtstype>
                <ptvctcnt>354</ptvctcnt>
            </sdtsterm>
        </ptvctinf>
    </spdoinfo>
    <eainfo>
        <detailed>
            <enttyp>
                <enttypl>BND_State_1997</enttypl>
                <enttypd>Polygons representing the State of Rhode Island political boundaries.</enttypd>
                <enttypds>University of Rhode Island Environmental Data Center</enttypds>
            </enttyp>
            <attr>
                <attrlabl>OBJECTID</attrlabl>
                <attrdef>Internal feature number.</attrdef>
                <attrdefs>Esri</attrdefs>
                <attrdomv>
                    					
                    <udom>Sequential unique whole numbers that are automatically generated.</udom>
                    				
                </attrdomv>
            </attr>
            <attr>
                <attrlabl>Shape</attrlabl>
                <attrdef>Feature geometry.</attrdef>
                <attrdefs>Esri</attrdefs>
                <attrdomv>
                    					
                    <udom>Coordinates defining the features.</udom>
                    				
                </attrdomv>
            </attr>
            <attr>
                <attrlabl>LAND</attrlabl>
                <attrdef>Indicates whether or not the feature represents land or a closed coastal water body, such as a salt pond.</attrdef>
                <attrdefs>unknown</attrdefs>
                <attrdomv>
                    					
                    <edom>
                        						
                        <edomv>Y</edomv>
                        						
                        <edomvd>represents land</edomvd>
                        						
                        <edomvds>unknown</edomvds>
                        					
                    </edom>
                    				
                </attrdomv>
                <attrdomv>
                    					
                    <edom>
                        						
                        <edomv>N</edomv>
                        						
                        <edomvd>not land</edomvd>
                        						
                        <edomvds>unknown</edomvds>
                        					
                    </edom>
                    				
                </attrdomv>
            </attr>
            <attr>
                <attrlabl>Shape_Length</attrlabl>
                <attrdef>Length of feature in internal units.</attrdef>
                <attrdefs>Esri</attrdefs>
                <attrdomv>
                    					
                    <udom>Positive real numbers that are automatically generated.</udom>
                    				
                </attrdomv>
            </attr>
            <attr>
                <attrlabl>Shape_Area</attrlabl>
                <attrdef>Area of feature in internal units squared.</attrdef>
                <attrdefs>Esri</attrdefs>
                <attrdomv>
                    					
                    <udom>Positive real numbers that are automatically generated.</udom>
                    				
                </attrdomv>
            </attr>
        </detailed>
    </eainfo>
    <distinfo>
        <distrib>
            <cntinfo>
                <cntorgp>
                    <cntorg>University of Rhode Island Environmental Data Center</cntorg>
                    <cntper>Erica Tefft</cntper>
                </cntorgp>
                <cntaddr>
                    <addrtype>mailing and physical</addrtype>
                    <address>1 Greenhouse Road</address>
                    <city>Kingston</city>
                    <state>RI</state>
                    <postal>02881</postal>
                </cntaddr>
                <cntvoice>401-874-5054</cntvoice>
                <cntemail>erica@edc.uri.edu</cntemail>
                <cntinst>email preferred</cntinst>
            </cntinfo>
        </distrib>
        <distliab>This dataset is provided 'as is.' The producer(s) of this dataset, contributors to this dataset, the Rhode Island Geographic Information System (RIGIS) consortium, the State of Rhode Island, and the University of Rhode Island do not make any warranties of any kind for this dataset, and are not liable for any loss or damage however and whenever caused by any use of this dataset.</distliab>
        <stdorder>
            <digform>
                <digtinfo>
                    <formname>Esri shapefile</formname>
                    <filedec>ZIP</filedec>
                </digtinfo>
                <digtopt>
                    <onlinopt>
                        <computer>
                            <networka>
                                <networkr>http://www.rigis.org</networkr>
                            </networka>
                        </computer>
                    </onlinopt>
                </digtopt>
            </digform>
            <fees>No fee for downloading directly from the RIGIS Data Distribution System located at http://www.edc.uri.edu/rigis.</fees>
        </stdorder>
    </distinfo>
    <metainfo>
        <metd>20161115</metd>
        <metrd>20160516</metrd>
        <metc>
            <cntinfo>
                <cntorgp>
                    <cntorg>Environmental Data Center, University of Rhode Island</cntorg>
                    <cntper>Greg Bonynge</cntper>
                </cntorgp>
                <cntpos>Geospatial Extension Specialist</cntpos>
                <cntaddr>
                    <addrtype>mailing and physical</addrtype>
                    <address>1 Greenhouse Road</address>
                    <city>Kingston</city>
                    <state>Rhode Island</state>
                    <postal>02881</postal>
                    <country>US</country>
                </cntaddr>
                <cntvoice>401-874-2180</cntvoice>
                <cntemail>greg@edc.uri.edu</cntemail>
                <cntinst>email preferred</cntinst>
            </cntinfo>
        </metc>
        <metstdn>FGDC Content Standard for Digital Geospatial Metadata</metstdn>
        <metstdv>FGDC-STD-001-1998</metstdv>
        <mettc>local time</mettc>
    </metainfo>
</metadata>
